,City,Lat,Lng,Max Temp,Humidity,Cloudiness,Wind Speed,Country,Date
0,mahebourg,-20.4081,57.7,86.0,66,75,11.5,MU,1612944564
1,honningsvag,70.9821,25.9704,23.0,86,90,23.02,NO,1612944564
2,vaini,-21.2,-175.2,78.8,94,40,13.8,TO,1612944565
3,guerrero negro,27.9769,-114.0611,55.29,86,0,9.95,MX,1612944565
4,nuuk,64.1835,-51.7216,26.6,80,75,2.3,GL,1612944565
5,sisak,45.4661,16.3783,39.99,93,90,3.44,HR,1612944565
6,tugolesskiy bor,55.5505,39.8242,9.07,93,93,7.83,RU,1612944566
7,horsham,51.064,-0.3272,30.99,74,40,9.22,GB,1612944557
8,beatrice,40.2681,-96.747,6.8,66,90,8.05,US,1612944566
9,rikitea,-23.1203,-134.9692,78.93,73,68,9.98,PF,1612944566
10,ola,59.5833,151.2833,19.89,91,98,31.68,RU,1612944566
11,busselton,-33.65,115.3333,66.0,79,24,5.01,AU,1612944567
12,muros,42.7762,-9.0603,41.0,87,40,4.61,ES,1612944567
13,hamilton,39.1834,-84.5333,23.0,74,90,9.22,US,1612944567
14,arlit,18.7369,7.3853,76.57,15,0,9.69,NE,1612944567
15,ushuaia,-54.8,-68.3,57.2,77,0,2.3,AR,1612944401
16,qaanaaq,77.484,-69.3632,12.4,74,0,12.5,GL,1612944568
17,hermanus,-34.4187,19.2345,80.01,63,3,7.58,ZA,1612944568
18,wellington,-41.2866,174.7756,62.6,72,100,19.57,NZ,1612944523
19,kapaa,22.0752,-159.319,69.8,56,90,11.5,US,1612944569
20,nishihara,26.1842,127.7558,68.0,63,90,13.8,JP,1612944569
21,mataura,-46.1927,168.8643,57.31,54,100,9.62,NZ,1612944570
22,fortuna,40.5982,-124.1573,42.01,100,1,2.73,US,1612944570
23,champerico,14.3,-91.9167,66.0,91,100,8.32,GT,1612944570
24,albany,42.6001,-73.9662,19.4,86,75,10.36,US,1612944400
25,alakurtti,66.9672,30.3491,0.25,92,23,3.87,RU,1612944571
26,butaritari,3.0707,172.7902,81.93,80,100,17.11,KI,1612944571
27,puerto ayora,-0.7393,-90.3518,75.99,94,44,5.08,EC,1612944571
28,the valley,18.217,-63.0578,73.99,94,75,14.97,AI,1612944571
29,avarua,-21.2078,-159.775,78.8,89,100,2.3,CK,1612944572
30,punta arenas,-53.15,-70.9167,51.8,82,75,4.61,CL,1612944572
31,sao filipe,14.8961,-24.4956,69.66,74,32,6.93,CV,1612944572
32,airai,-8.9266,125.4092,69.35,97,98,3.65,TL,1612944572
33,hasaki,35.7333,140.8333,50.0,46,75,4.61,JP,1612944573
34,kaitangata,-46.2817,169.8464,59.0,68,97,4.0,NZ,1612944573
35,pacific grove,36.6177,-121.9166,52.0,87,90,3.44,US,1612944500
36,bambous virieux,-20.3428,57.7575,86.0,66,75,11.5,MU,1612944574
37,tezu,27.9167,96.1667,84.25,15,0,3.98,IN,1612944574
38,yellowknife,62.456,-114.3525,-11.0,77,90,14.97,CA,1612944574
39,new norfolk,-42.7826,147.0587,68.0,43,0,1.99,AU,1612944574
40,baykalsk,51.5058,104.1469,21.02,95,100,7.65,RU,1612944574
41,lorengau,-2.0226,147.2712,78.06,87,100,8.61,PG,1612944575
42,santa maria,-29.6842,-53.8069,62.89,93,41,3.47,BR,1612944408
43,axim,4.8699,-2.2405,82.0,80,0,4.12,GH,1612944575
44,council bluffs,41.2619,-95.8608,8.6,61,90,6.91,US,1612944532
45,provideniya,64.3833,-173.3,-7.22,74,0,16.11,RU,1612944576
46,clyde river,70.4692,-68.5914,3.2,92,1,28.77,CA,1612944576
47,kirkwall,58.9848,-2.9587,24.8,74,20,9.73,GB,1612944577
48,sungaipenuh,-2.0833,101.3833,75.87,72,39,5.46,ID,1612944577
49,bubaque,11.2833,-15.8333,77.22,65,75,13.44,GW,1612944577
50,paraibano,-6.4331,-43.9836,67.55,92,71,0.72,BR,1612944578
51,castro,-24.7911,-50.0119,57.43,94,100,5.61,BR,1612944578
52,auki,-8.7676,160.7034,80.19,83,91,8.95,SB,1612944578
53,bethel,41.3712,-73.414,19.99,93,90,6.11,US,1612944357
54,faanui,-16.4833,-151.75,82.08,69,0,14.32,PF,1612944578
55,pisco,-13.7,-76.2167,70.0,88,20,3.44,PE,1612944548
56,sitka,57.0531,-135.33,15.8,41,1,12.66,US,1612944579
57,gunjur,13.2019,-16.7339,64.4,68,100,3.44,GM,1612944579
58,barrow,71.2906,-156.7887,-18.4,69,75,20.71,US,1612944580
59,tasiilaq,65.6145,-37.6368,10.4,67,100,1.14,GL,1612944580
60,mitsamiouli,-11.3847,43.2844,83.08,77,100,18.19,KM,1612944580
61,parbhani,19.2667,76.7833,88.81,12,21,4.09,IN,1612944581
62,east london,-33.0153,27.9116,75.2,83,75,2.3,ZA,1612944581
63,mantua,45.1667,10.7833,48.0,96,100,8.01,IT,1612944581
64,halifax,44.6453,-63.5724,19.4,63,96,6.91,CA,1612944304
65,torbay,47.6666,-52.7314,27.0,93,75,31.07,CA,1612944582
66,hilo,19.7297,-155.09,71.6,64,90,10.36,US,1612944582
67,bestobe,52.4994,73.0975,-13.9,85,0,14.61,KZ,1612944583
68,chokurdakh,70.6333,147.9167,-10.64,87,100,3.8,RU,1612944583
69,carnarvon,-24.8667,113.6333,86.0,62,0,23.02,AU,1612944583
70,lata,40.1629,-8.3327,54.0,92,38,2.28,PT,1612944583
71,saint john,45.2727,-66.0677,10.4,85,1,6.62,CA,1612944584
72,mozarlandia,-14.7447,-50.5706,69.48,97,51,3.83,BR,1612944584
73,tuktoyaktuk,69.4541,-133.0374,-32.17,83,3,7.54,CA,1612944584
74,mount isa,-20.7333,139.5,96.8,36,65,9.22,AU,1612944584
75,severo-kurilsk,50.6789,156.125,23.52,90,55,6.04,RU,1612944585
76,monreal,12.644,123.6648,80.38,83,89,7.72,PH,1612944585
77,mehamn,71.0357,27.8492,23.0,58,40,25.32,NO,1612944585
78,prince rupert,54.3161,-130.3201,17.6,52,1,8.05,CA,1612944586
79,bandarbeyla,9.4942,50.8122,79.57,53,47,24.47,SO,1612944586
80,longyearbyen,78.2186,15.6401,15.8,73,75,6.91,SJ,1612944586
81,pevek,69.7008,170.3133,-9.53,74,0,0.83,RU,1612944586
82,komsomolskiy,40.4272,71.7189,51.8,71,100,6.91,UZ,1612944589
83,raga,8.4596,25.678,81.7,15,100,6.17,SS,1612944589
84,hobart,-42.8794,147.3294,66.2,45,20,10.36,AU,1612944361
85,jacqueville,5.2052,-4.4146,80.6,94,20,5.75,CI,1612944590
86,jamestown,42.097,-79.2353,16.0,92,90,3.44,US,1612944334
87,dubbo,-32.25,148.6167,80.6,34,1,11.5,AU,1612944567
88,omboue,-1.5746,9.2618,79.2,87,99,3.62,GA,1612944591
89,georgetown,5.4112,100.3354,91.4,66,20,11.5,MY,1612944591
90,touros,-5.1989,-35.4608,75.2,94,75,4.61,BR,1612944591
91,norman wells,65.282,-126.8329,-41.8,74,20,2.3,CA,1612944592
92,watsa,3.0372,29.5355,91.22,20,95,2.91,CD,1612944370
93,oksfjord,70.2396,22.3479,24.8,68,75,3.44,NO,1612944592
94,codrington,-38.2667,141.9667,70.11,64,0,10.76,AU,1612944593
95,canavieiras,-15.675,-38.9472,73.09,84,22,2.04,BR,1612944593
96,bredasdorp,-34.5322,20.0403,73.4,64,20,4.61,ZA,1612944593
97,dikson,73.5069,80.5464,-22.54,88,100,11.21,RU,1612944594
98,kawalu,-7.3817,108.2082,82.65,74,73,3.11,ID,1612944594
99,ilhabela,-23.7781,-45.3581,71.65,83,96,2.28,BR,1612944594
100,saskylakh,71.9167,114.0833,-23.69,82,0,10.76,RU,1612944594
101,warwick,41.7001,-71.4162,24.8,80,1,8.05,US,1612944595
102,gikongoro,-2.464,29.5739,72.7,59,81,3.91,RW,1612944595
103,ribeira grande,38.5167,-28.7,60.8,82,40,21.85,PT,1612944595
104,souillac,-20.5167,57.5167,86.0,66,75,11.5,MU,1612944596
105,nagorsk,59.3172,50.8078,-5.87,87,39,3.13,RU,1612944596
106,arraial do cabo,-22.9661,-42.0278,71.96,86,2,5.14,BR,1612944596
107,ilulissat,69.2167,-51.1,15.8,45,0,20.71,GL,1612944597
108,talara,-4.5772,-81.2719,73.42,83,87,8.88,PE,1612944597
109,nhulunbuy,-12.2333,136.7667,84.2,84,75,8.05,AU,1612944597
110,pundaguitan,6.3711,126.1689,82.36,79,68,9.44,PH,1612944597
111,iqaluit,63.7506,-68.5145,6.8,78,75,3.44,CA,1612944320
112,san patricio,28.017,-97.5169,69.8,100,90,6.91,US,1612944598
113,kruisfontein,-34.0033,24.7314,82.0,57,0,4.0,ZA,1612944598
114,olafsvik,64.8945,-23.7142,27.5,98,100,19.93,IS,1612944598
115,filingue,14.3521,3.3168,75.07,16,0,9.86,NE,1612944599
116,menomonie,44.8755,-91.9193,-2.2,65,75,4.61,US,1612944599
117,hirara,24.8,125.2833,71.6,73,75,13.8,JP,1612944599
118,olinda,-8.0089,-34.8553,75.2,78,40,3.44,BR,1612944599
119,burns lake,54.2331,-125.7533,-31.0,75,0,2.51,CA,1612944600
120,juneau,58.3019,-134.4197,5.0,39,1,4.61,US,1612944600
121,genhe,50.7833,121.5167,14.22,95,100,2.3,CN,1612944601
122,atuona,-9.8,-139.0333,78.85,77,96,20.15,PF,1612944601
123,husavik,66.0449,-17.3389,23.0,93,90,5.75,IS,1612944601
124,erenhot,43.6475,111.9767,31.69,91,79,8.99,CN,1612944604
125,kodiak,57.79,-152.4072,35.6,75,90,5.75,US,1612944605
126,kahului,20.8947,-156.47,71.6,49,20,16.11,US,1612944383
127,port-gentil,-0.7193,8.7815,80.6,100,40,5.01,GA,1612944605
128,umm kaddadah,13.6017,26.6876,78.96,22,18,18.34,SD,1612944606
129,goksun,38.021,36.4973,55.4,76,40,3.44,TR,1612944606
130,port macquarie,-31.4333,152.9167,68.0,94,88,7.9,AU,1612944606
131,pitimbu,-7.4706,-34.8086,75.2,94,20,5.75,BR,1612944606
132,saldanha,-33.0117,17.9442,73.4,60,0,10.36,ZA,1612944607
133,port blair,11.6667,92.75,81.12,52,4,12.55,IN,1612944607
134,fort nelson,58.8053,-122.7002,-9.4,70,90,13.8,CA,1612944607
135,khatanga,71.9667,102.5,-11.34,85,46,9.04,RU,1612944607
136,belyy yar,53.6039,91.3903,10.4,52,0,13.42,RU,1612944608
137,mayo,38.8876,-76.5119,32.0,86,1,8.57,US,1612944608
138,sao gabriel da cachoeira,-0.1303,-67.0892,72.66,99,100,0.81,BR,1612944608
139,vostok,46.4856,135.8833,3.63,95,100,3.67,RU,1612944609
140,zhezkazgan,47.8043,67.7144,3.31,83,0,4.88,KZ,1612944609
141,tiksi,71.6872,128.8694,-9.63,85,100,4.59,RU,1612944609
142,lebu,-37.6167,-73.65,58.8,90,0,6.15,CL,1612944609
143,el paujil,1.5701,-75.3286,73.35,81,94,0.29,CO,1612944610
144,charlton,42.1357,-71.9701,19.4,73,75,6.91,US,1612944610
145,egvekinot,66.3167,-179.1667,-17.73,74,0,10.49,RU,1612944610
146,corinto,37.9407,22.9573,57.99,60,17,4.27,GR,1612944610
147,angoche,-16.2325,39.9086,87.94,62,55,4.7,MZ,1612944611
148,ponta do sol,32.6667,-17.1,59.0,74,82,1.01,PT,1612944611
149,thompson,55.7435,-97.8558,-36.4,67,1,3.8,CA,1612944611
150,porto novo,6.4965,2.6036,84.31,74,3,4.34,BJ,1612944611
151,colares,38.7992,-9.4469,55.0,96,99,5.01,PT,1612944612
152,kaili,-3.4626,120.2147,80.01,71,87,1.59,ID,1612944612
153,mar del plata,-38.0023,-57.5575,66.0,77,75,9.22,AR,1612944612
154,yatou,37.15,122.3833,48.09,51,0,3.4,CN,1612944612
155,laguna de perlas,12.3429,-83.6712,75.54,88,98,9.06,NI,1612944613
156,majene,-3.5403,118.9707,86.0,66,84,8.08,ID,1612944613
157,zhanaozen,43.3,52.8,46.87,54,0,13.65,KZ,1612944613
158,cidreira,-30.1811,-50.2056,72.95,83,41,12.5,BR,1612944613
159,mercedes,-34.6515,-59.4307,64.0,98,66,1.01,AR,1612944614
160,isla vista,34.4133,-119.861,51.01,87,1,4.61,US,1612944614
161,stepnyak,52.8339,70.7803,-11.4,85,76,13.62,KZ,1612944614
162,bonavista,48.6499,-53.1147,27.0,93,100,8.05,CA,1612944615
163,chuy,-33.6971,-53.4616,66.18,88,0,5.53,UY,1612944615
164,port alfred,-33.5906,26.891,75.99,85,50,4.47,ZA,1612944615
165,siniscola,40.5719,9.6922,59.0,82,40,12.66,IT,1612944615
166,bluff,-46.6,168.3333,55.76,82,100,27.94,NZ,1612944616
167,nago,26.5881,127.9761,68.0,72,90,14.97,JP,1612944616
168,terra santa,-2.1042,-56.4869,73.9,97,100,1.99,BR,1612944616
169,henties bay,-22.116,14.2845,73.0,79,42,2.33,NA,1612944616
170,tessalit,20.1986,1.0114,69.6,19,51,7.96,ML,1612944616
171,yongan,39.6957,113.6871,47.75,38,0,2.15,CN,1612944617
172,caraquet,47.7941,-64.9386,8.6,52,0,6.91,CA,1612944617
173,paamiut,61.994,-49.6678,24.31,82,88,10.42,GL,1612944617
174,veendam,53.1067,6.8792,27.0,93,40,3.44,NL,1612944617
175,qixingtai,30.4135,111.8874,60.17,50,100,3.56,CN,1612944618
176,mount gambier,-37.8333,140.7667,84.2,26,0,14.97,AU,1612944618
177,tura,25.5198,90.2201,79.29,24,0,6.13,IN,1612944618
178,alekseyevka,50.6309,38.6903,23.56,97,100,5.64,RU,1612944619
179,jaumave,23.4167,-99.3833,71.01,66,15,1.99,MX,1612944619
180,alofi,-19.0595,-169.9187,77.0,94,100,3.44,NU,1612944619
181,alta floresta,-9.8756,-56.0861,69.94,98,100,2.46,BR,1612944620
182,weligama,5.9667,80.4167,83.66,60,50,4.27,LK,1612944550
183,katobu,-4.9408,122.5276,88.12,57,4,6.93,ID,1612944621
184,maloy,61.9353,5.1136,28.99,68,75,4.61,NO,1612944621
185,cairns,-16.9167,145.7667,86.0,70,34,10.36,AU,1612944445
186,umm lajj,25.0213,37.2685,81.36,37,2,2.8,SA,1612944622
187,leningradskiy,69.3833,178.4167,-26.91,84,50,11.23,RU,1612944622
188,mzimba,-11.9,33.6,71.78,83,82,5.32,MW,1612944387
189,dumai,1.6833,101.45,83.44,84,90,2.59,ID,1612944623
190,coahuayana,18.7333,-103.6833,65.43,88,1,3.56,MX,1612944623
191,cap malheureux,-19.9842,57.6142,86.0,66,75,11.5,MU,1612944623
192,chardara,41.2547,67.9692,57.27,57,100,7.14,KZ,1612944624
193,naze,28.3667,129.4833,60.8,63,75,12.66,JP,1612944624
194,ancud,-41.8697,-73.8203,60.01,79,0,3.24,CL,1612944624
195,narsaq,60.9167,-46.05,32.0,27,0,26.46,GL,1612944624
196,saint george,37.1041,-113.5841,54.0,43,90,6.91,US,1612944624
197,petropavlovsk-kamchatskiy,53.0452,158.6483,30.2,69,75,11.18,RU,1612944625
198,mackay,-21.15,149.2,82.4,57,5,12.66,AU,1612944625
199,phalaborwa,-23.943,31.1411,80.6,65,1,10.36,ZA,1612944626
200,hami,42.8,93.45,45.07,50,50,9.73,CN,1612944626
201,tommot,58.9564,126.2925,4.87,92,80,4.32,RU,1612944626
202,grand-santi,4.25,-54.3833,67.78,97,44,2.17,GF,1612944627
203,cururupu,-1.8283,-44.8683,76.19,92,100,2.08,BR,1612944627
204,araouane,18.9048,-3.5265,64.2,22,0,10.78,ML,1612944627
205,statesboro,32.4488,-81.7832,59.0,94,90,0.74,US,1612944628
206,coos bay,43.3665,-124.2179,36.0,93,1,5.75,US,1612944628
207,kotdwara,29.75,78.5333,76.69,25,0,7.76,IN,1612944628
208,kamenka,51.3223,42.7678,17.01,90,99,2.75,RU,1612944628
209,raudeberg,61.9875,5.1352,28.99,87,72,13.2,NO,1612944629
210,nikolskoye,59.7035,30.7861,6.01,77,100,2.24,RU,1612944629
211,snezhnogorsk,69.1933,33.2531,5.0,92,75,4.47,RU,1612944629
212,sao joao da barra,-21.6403,-41.0511,70.47,93,20,5.68,BR,1612944629
213,palmer,42.1584,-72.3287,14.0,85,75,2.33,US,1612944546
214,svetlogorsk,52.6333,29.7333,12.22,96,99,7.96,BY,1612944630
215,matam,15.6175,-13.3303,69.8,32,0,2.3,SN,1612944630
216,collie,-33.3667,116.15,66.0,62,3,8.99,AU,1612944630
217,piopio,-38.4667,175.0167,62.01,94,100,1.23,NZ,1612944631
218,izhma,65.0083,53.9113,-8.3,90,98,2.75,RU,1612944631
219,upernavik,72.7868,-56.1549,9.79,75,0,2.59,GL,1612944631
220,boa vista,2.8197,-60.6733,75.2,78,0,9.22,BR,1612944631
221,muravlenko,63.7898,74.523,-19.73,86,100,15.1,RU,1612944428
222,abu road,24.4833,72.7833,88.23,12,87,4.45,IN,1612944632
223,bakchar,57.0186,82.0711,-7.35,88,100,8.05,RU,1612944632
224,kaura namoda,12.5898,6.5779,74.79,18,0,14.03,NG,1612944633
225,lasa,46.6166,10.7002,37.0,93,90,2.04,IT,1612944633
226,zilair,52.2332,57.4392,7.39,94,100,6.38,RU,1612944633
227,isangel,-19.55,169.2667,80.33,77,0,9.37,VU,1612944633
228,santa rosa,14.3122,121.1114,80.6,83,90,5.75,PH,1612944634
229,kuusamo,65.9667,29.1833,-5.8,77,75,5.75,FI,1612944634
230,tanout,14.9709,8.8879,70.81,19,0,15.23,NE,1612944617
231,amuntai,-2.4177,115.2494,91.47,56,98,1.97,ID,1612944487
232,phan thiet,10.9333,108.1,82.09,64,25,13.31,VN,1612944635
233,coquimbo,-29.9533,-71.3436,60.8,82,90,2.3,CL,1612944635
234,gizo,-8.103,156.8419,84.02,74,100,7.14,SB,1612944635
235,marquette,46.5333,-87.6335,1.0,64,3,10.89,US,1612944636
236,vrangel,42.7297,133.0839,30.65,87,45,10.96,RU,1612944636
237,bodden town,19.2833,-81.25,78.01,76,4,13.0,KY,1612944636
238,moron,-34.6534,-58.6198,66.0,97,88,3.0,AR,1612944637
239,cape town,-33.9258,18.4232,81.0,73,0,16.11,ZA,1612944388
240,manta,-0.95,-80.7333,75.2,88,75,6.6,EC,1612944637
241,concepcion del oro,24.6333,-101.4167,52.79,50,0,5.53,MX,1612944637
242,koppal,15.35,76.15,85.87,19,0,7.78,IN,1612944637
243,katsuura,35.1333,140.3,52.0,52,100,1.95,JP,1612944550
244,maraa,-1.8333,-65.3667,72.7,99,100,1.34,BR,1612944638
245,christchurch,-43.5333,172.6333,64.4,39,0,13.8,NZ,1612944551
246,opoczno,51.3757,20.2783,17.01,10,78,0.65,PL,1612944639
247,kuching,1.55,110.3333,86.0,74,40,9.22,MY,1612944405
248,aquiraz,-3.9014,-38.3911,80.6,83,40,9.22,BR,1612944640
249,kununurra,-15.7667,128.7333,87.8,70,90,9.22,AU,1612944640
250,bengkulu,-3.8004,102.2655,76.24,90,100,12.77,ID,1612944442
251,aklavik,68.2191,-135.0107,-34.6,74,0,4.61,CA,1612944641
252,ahipara,-35.1667,173.1667,62.96,90,100,9.13,NZ,1612944641
253,aranos,-24.1333,19.1167,80.8,46,100,16.91,NA,1612944641
254,namibe,-15.1961,12.1522,77.0,69,75,6.91,AO,1612944642
255,houma,29.5958,-90.7195,62.01,100,90,5.75,US,1612944642
256,darnah,32.767,22.6367,66.27,41,0,2.19,LY,1612944642
257,tocopilla,-22.092,-70.1979,66.69,68,25,3.78,CL,1612944642
258,ibra,22.6906,58.5334,82.71,15,100,3.0,OM,1612944642
259,marsh harbour,26.5412,-77.0636,73.36,83,0,5.79,BS,1612944643
260,bonthe,7.5264,-12.505,77.07,87,93,3.44,SL,1612944643
261,bukan,36.521,46.2089,51.87,42,100,4.94,IR,1612944643
262,jinxiang,27.4327,120.6062,50.95,92,100,14.54,CN,1612944643
263,shenjiamen,29.9576,122.298,51.76,81,100,8.84,CN,1612944644
264,caxito,-8.5785,13.6643,82.4,74,75,3.44,AO,1612944644
265,severodvinsk,64.5635,39.8302,-14.8,76,40,4.54,RU,1612944645
266,dingle,10.9995,122.6711,82.78,78,84,2.84,PH,1612944645
267,howard springs,-12.497,131.047,86.0,79,75,12.66,AU,1612944645
268,nanortalik,60.1432,-45.2371,23.59,87,51,13.33,GL,1612944645
269,wajir,1.7471,40.0573,89.56,28,90,15.82,KE,1612944646
270,colorado,-22.8375,-51.9731,64.24,89,99,9.24,BR,1612944367
271,cuenca,-2.8833,-78.9833,55.4,100,91,1.66,EC,1612944646
272,flin flon,54.7682,-101.865,-18.13,88,100,2.77,CA,1612944646
273,hithadhoo,-0.6,73.0833,82.36,79,37,17.29,MV,1612944647
274,vao,-22.6667,167.4833,78.03,80,6,18.32,NC,1612944647
275,ankang,32.68,109.0172,67.55,29,0,2.48,CN,1612944647
276,nome,64.5011,-165.4064,-7.6,45,1,4.61,US,1612944648
277,voskresenskoye,56.8381,45.4317,8.26,95,100,7.38,RU,1612944648
278,jibuti,11.5,42.5,80.6,57,20,8.05,DJ,1612944648
279,suarez,2.954,-76.6964,66.31,80,97,1.21,CO,1612944648
280,portland,45.5234,-122.6762,34.0,80,75,0.85,US,1612944544
281,fuyu,45.1833,124.8167,23.25,97,28,4.29,CN,1612944649
282,andenes,69.3143,16.1194,26.6,93,75,21.85,NO,1612944649
283,nemuro,43.3236,145.575,26.6,54,75,5.75,JP,1612944650
284,san cristobal,7.7669,-72.225,66.69,89,92,1.25,VE,1612944650
285,poronaysk,49.2167,143.1167,11.97,90,70,7.09,RU,1612944650
286,kuldur,49.2167,131.6333,6.13,91,29,5.5,RU,1612944650
287,aripuana,-9.1667,-60.6333,71.28,99,99,1.86,BR,1612944651
288,verkhneuralsk,53.8769,59.2106,1.4,66,20,6.71,RU,1612944651
289,atbasar,51.8,68.3333,-12.51,87,0,6.91,KZ,1612944651
290,kuytun,54.3419,101.5036,12.24,93,100,2.13,RU,1612944652
291,ailigandi,9.2333,-78.0167,78.55,84,72,9.93,PA,1612944652
292,terrace bay,48.7834,-87.1,-11.2,77,87,3.44,CA,1612944652
293,toora-khem,52.4675,96.11,19.47,86,37,2.84,RU,1612944653
294,saint-philippe,-21.3585,55.7679,89.6,55,0,20.71,RE,1612944653
295,port augusta,-32.5,137.7667,102.0,13,0,11.5,AU,1612944653
296,luderitz,-26.6481,15.1594,68.58,72,19,7.14,NA,1612944653
297,ambilobe,-13.2,49.05,87.96,69,48,1.61,MG,1612944654
298,tual,-5.6667,132.75,84.16,77,1,14.79,ID,1612944654
299,bilma,18.6853,12.9164,74.43,17,0,6.58,NE,1612944654
300,agadez,19.75,10.25,71.33,18,52,5.75,NE,1612944655
301,mataram,-8.5833,116.1167,78.8,89,75,3.44,ID,1612944655
302,krasnoborsk,61.5598,45.934,-3.14,88,99,3.04,RU,1612944655
303,svetlaya,46.5389,138.3297,19.94,86,1,6.4,RU,1612944655
304,lagoa,39.05,-27.9833,59.81,77,92,29.08,PT,1612944656
305,southbridge,42.0751,-72.0334,16.0,84,3,3.96,US,1612944556
306,artyom,40.4723,50.333,50.0,81,40,2.3,AZ,1612944656
307,zhangye,38.9342,100.4517,47.44,42,100,7.25,CN,1612944657
308,gunnedah,-30.9833,150.25,81.0,45,0,4.0,AU,1612944657
309,port-cartier,50.0334,-66.8654,3.99,55,0,5.75,CA,1612944657
310,inta,66.0317,60.1659,-20.02,86,98,8.1,RU,1612944379
311,aloleng,16.1307,119.7824,83.77,67,98,5.5,PH,1612944657
312,antalaha,-14.9003,50.2788,84.16,65,49,4.27,MG,1612944658
313,half moon bay,37.4636,-122.4286,50.0,93,75,3.65,US,1612944447
314,huilong,31.8111,121.655,53.01,76,100,1.99,CN,1612944658
315,tateyama,34.9833,139.8667,52.0,46,75,8.05,JP,1612944658
316,rakiv lis,51.6217,24.9243,18.82,97,85,2.55,UA,1612944659
317,haverhill,42.7762,-71.0773,18.0,92,8,4.43,US,1612944450
318,srednekolymsk,67.45,153.6833,-5.35,89,0,8.7,RU,1612944659
319,pangnirtung,66.1451,-65.7125,8.19,76,0,3.6,CA,1612944659
320,loa janan,-0.583,117.095,85.77,76,59,4.03,ID,1612944449
321,broome,42.2506,-75.833,17.6,73,90,10.36,US,1612944660
322,roald,62.5833,6.1333,24.8,93,40,8.05,NO,1612944660
323,salalah,17.0151,54.0924,80.6,26,75,12.66,OM,1612944661
324,devils lake,48.1128,-98.8651,-16.01,69,1,18.41,US,1612944661
325,la ronge,55.1001,-105.2842,-22.0,69,100,4.61,CA,1612944661
326,kenai,60.5544,-151.2583,10.99,85,90,11.5,US,1612944662
327,rabaul,-4.1967,152.1721,83.26,77,100,13.47,PG,1612944662
328,rakkestad,59.4251,11.3454,12.0,89,20,6.55,NO,1612944662
329,evora,38.5667,-7.9,57.2,94,90,19.57,PT,1612944455
330,catalina,32.5056,-110.9211,57.0,33,100,3.22,US,1612944662
331,talnakh,69.4865,88.3972,-6.11,88,5,6.71,RU,1612944427
332,porto santo,33.072,-16.3415,59.0,88,20,3.44,PT,1612944663
333,mandali,33.7499,45.5541,72.45,25,100,8.32,IQ,1612944663
334,honiara,-9.4333,159.95,80.04,81,100,6.42,SB,1612944663
335,kavieng,-2.5744,150.7967,83.73,73,100,7.36,PG,1612944664
336,san juan,-31.5375,-68.5364,66.88,67,3,4.09,AR,1612944664
337,acapulco,16.8634,-99.8901,73.13,83,1,4.5,MX,1612944664
338,port hardy,50.6996,-127.4199,32.0,74,75,6.91,CA,1612944664
339,amboasary,-25.0333,46.3833,80.6,83,75,11.5,MG,1612944665
340,burnie,-41.0667,145.9167,61.0,85,0,5.01,AU,1612944665
341,farmington,36.7281,-108.2187,41.0,56,1,6.91,US,1612944665
342,aasiaat,68.7098,-52.8699,9.88,87,0,12.82,GL,1612944666
343,port elizabeth,-33.918,25.5701,78.8,65,40,4.61,ZA,1612944456
344,bathsheba,13.2167,-59.5167,77.0,65,40,19.57,BB,1612944666
345,obo,5.3998,26.4869,90.19,18,91,5.44,CF,1612944666
346,kortkeros,61.8106,51.5806,-16.6,83,20,6.71,RU,1612944667
347,tucuma,-0.1833,-50.05,75.61,93,100,4.83,BR,1612944667
348,rosarito,32.3333,-117.0333,53.6,71,90,1.48,MX,1612944667
349,mbini,1.574,9.6134,82.49,77,100,3.56,GQ,1612944668
350,shikhazany,55.5605,47.393,3.2,85,75,6.71,RU,1612944668
351,humboldt,40.6665,-123.9178,42.01,100,1,2.64,US,1612944538
352,basoko,1.2391,23.616,87.87,30,100,1.23,CD,1612944668
353,aykhal,66.0,111.5,-12.8,87,100,6.4,RU,1612944669
354,camacupa,-12.0167,17.4833,70.63,76,87,3.04,AO,1612944669
355,felipe carrillo puerto,19.5833,-88.05,70.03,96,0,2.64,MX,1612944669
356,mookane,-23.688,26.6595,77.85,62,54,9.51,BW,1612944669
357,playa del carmen,20.6274,-87.0799,75.99,92,2,4.9,MX,1612944373
358,cayambe,0.05,-78.1333,53.6,94,75,4.61,EC,1612944670
359,fethiye,36.6217,29.1164,64.4,72,20,1.14,TR,1612944670
360,wattegama,6.7989,81.4808,87.8,58,20,9.22,LK,1612944671
361,sisimiut,66.9395,-53.6735,16.23,81,0,4.12,GL,1612944671
362,quatre cocos,-20.2078,57.7625,86.0,66,75,11.5,MU,1612944671
363,malinovoye ozero,51.6753,79.7825,-4.36,87,100,13.96,RU,1612944671
364,tuatapere,-46.1333,167.6833,53.2,82,99,11.72,NZ,1612944672
365,okhotsk,59.3833,143.3,23.49,92,100,12.03,RU,1612944672
366,kalevala,65.2,31.1667,-0.69,92,1,3.53,RU,1612944673
367,safaga,26.7292,33.9365,71.6,37,0,11.5,EG,1612944673
368,kurchum,48.5722,83.6542,8.58,88,0,2.68,KZ,1612944673
369,tupik,54.4253,119.9327,14.85,93,100,3.11,RU,1612944673
370,varkaus,62.3153,27.873,-0.4,78,20,1.14,FI,1612944674
371,kuah,6.3265,99.8432,89.6,62,20,8.05,MY,1612944674
372,korla,41.7597,86.1469,43.75,51,98,5.01,CN,1612944674
373,port lincoln,-34.7333,135.8667,79.84,38,0,9.35,AU,1612944674
374,kirakira,-10.4544,161.9205,81.91,78,100,4.97,SB,1612944675
375,matay,28.419,30.7792,72.0,22,90,12.01,EG,1612944675
376,ostrovnoy,68.0531,39.5131,7.03,94,100,16.51,RU,1612944675
377,presidencia roque saenz pena,-26.7852,-60.4388,66.99,93,60,1.01,AR,1612944676
378,waslala,13.2333,-85.3833,66.96,94,44,1.36,NI,1612944676
379,sambava,-14.2667,50.1667,79.0,82,98,1.16,MG,1612944676
380,latung,5.5,120.8833,83.59,69,0,4.21,PH,1612944677
381,mioveni,44.9566,24.9378,48.99,77,19,7.29,RO,1612944677
382,la rioja,42.25,-2.5,42.8,81,75,18.41,ES,1612944677
383,karatau,43.1667,70.4667,31.5,98,100,1.99,KZ,1612944677
384,menongue,-14.6585,17.691,70.02,82,100,6.31,AO,1612944678
385,lingao,19.9103,109.6859,65.23,82,76,10.45,CN,1612944678
386,meadow lake,34.8014,-106.5436,46.0,22,90,5.75,US,1612944679
387,saint-augustin,51.226,-58.6502,11.89,95,100,8.39,CA,1612944679
388,ust-maya,60.4167,134.5333,-13.58,89,50,1.19,RU,1612944679
389,kavaratti,10.5669,72.642,82.26,61,54,7.56,IN,1612944680
390,waddan,29.1614,16.139,66.27,25,0,7.96,LY,1612944499
391,plettenberg bay,-34.0527,23.3716,74.23,60,0,5.46,ZA,1612944681
392,turkistan,43.0,68.0,36.27,86,100,4.18,KZ,1612944681
393,grindavik,63.8424,-22.4338,30.2,100,40,6.91,IS,1612944681
394,takoradi,4.8845,-1.7554,81.36,83,0,4.88,GH,1612944423
395,buraydah,26.326,43.975,59.0,72,0,4.61,SA,1612944473
396,copiapo,-27.3667,-70.3333,60.8,82,90,0.51,CL,1612944682
397,hvide sande,56.0045,8.1294,21.99,86,0,4.61,DK,1612944682
398,boundiali,9.5217,-6.4869,70.68,25,2,4.61,CI,1612944683
399,vidim,56.4088,103.1106,10.49,90,100,6.6,RU,1612944683
400,sibolga,1.7427,98.7792,86.04,66,100,6.26,ID,1612944683
401,torredonjimeno,37.7675,-3.9578,55.99,95,100,16.15,ES,1612944684
402,rawson,-43.3002,-65.1023,66.76,62,0,26.22,AR,1612944684
403,pokrovsk,48.282,37.1758,33.15,95,100,7.76,UA,1612944684
404,laguna hills,33.5956,-117.7003,54.0,84,52,1.9,US,1612944684
405,cabo san lucas,22.8909,-109.9124,63.0,72,2,11.18,MX,1612944463
406,broken hill,-31.95,141.4333,98.6,15,0,8.05,AU,1612944685
407,esperance,-33.8667,121.9,66.2,63,90,20.71,AU,1612944685
408,waipawa,-41.4122,175.5153,62.6,72,100,19.57,NZ,1612944686
409,geraldton,-28.7667,114.6,73.4,56,0,26.46,AU,1612944687
410,vila velha,-20.3297,-40.2925,78.01,100,40,2.3,BR,1612944687
411,wajima,37.4,136.9,37.4,93,40,2.3,JP,1612944687
412,beroroha,-21.6667,45.1667,73.96,88,100,5.88,MG,1612944688
413,batemans bay,-35.7167,150.1833,64.99,74,98,1.99,AU,1612944688
414,cherskiy,68.75,161.3,-7.02,86,0,1.36,RU,1612944688
415,ballater,57.0493,-3.0402,27.0,89,90,1.01,GB,1612944689
416,karasjok,69.4719,25.5112,21.2,73,90,14.97,NO,1612944689
417,belmonte,-15.8631,-38.8828,71.6,94,20,4.61,BR,1612944689
418,taoudenni,22.6783,-3.9836,62.44,28,0,6.85,ML,1612944690
419,payo,-3.7508,103.6372,83.97,84,100,3.15,ID,1612944690
420,klaksvik,62.2266,-6.589,30.2,74,97,4.61,FO,1612944690
421,kangshan,28.8812,116.4311,54.39,91,100,13.0,CN,1612944690
422,ryotsu,38.0833,138.4333,41.0,87,75,26.46,JP,1612944691
423,la palma,33.8464,-118.0467,54.0,82,1,2.86,US,1612944691
424,udachnyy,66.4167,112.4,-12.46,87,100,8.46,RU,1612944691
425,pipri,19.8,75.5333,86.0,19,52,2.3,IN,1612944691
426,abu dhabi,24.4667,54.3667,77.0,65,0,4.61,AE,1612944525
427,freetown,8.484,-13.2299,78.8,78,75,6.91,SL,1612944692
428,constitucion,-35.3333,-72.4167,60.31,85,0,1.03,CL,1612944692
429,asau,46.4333,26.4,44.6,81,0,9.22,RO,1612944693
430,robinson,31.4677,-97.1147,37.0,93,90,9.22,US,1612944693
431,nokaneng,-19.6667,22.2667,69.93,86,100,10.25,BW,1612944693
432,boves,44.332,7.5514,42.01,87,100,1.99,IT,1612944693
433,berdigestyakh,62.0989,126.6992,-13.47,88,3,5.23,RU,1612944694
434,port shepstone,-30.7414,30.455,79.3,81,67,14.03,ZA,1612944694
435,monroe,43.1501,-77.6831,19.0,79,40,10.36,US,1612944694
436,verkhnyaya sinyachikha,57.976,61.6673,-11.07,85,6,4.97,RU,1612944694
437,kpandae,8.4689,-0.0113,82.0,67,0,2.84,GH,1612944695
438,kedrovyy,56.1667,91.8167,8.6,56,40,11.18,RU,1612944695
439,bandundu,-3.3167,17.3667,81.32,71,100,5.59,CD,1612944695
440,takanabe,32.1333,131.5,60.8,51,40,13.8,JP,1612944695
441,guaiuba,-4.0397,-38.6372,81.0,83,40,9.22,BR,1612944696
442,tiznit,29.5833,-9.5,53.47,88,88,2.93,MA,1612944696
443,dalvik,65.9702,-18.5286,23.0,93,90,4.61,IS,1612944696
444,harper,4.375,-7.7169,80.64,87,99,6.51,LR,1612944696
445,charters towers,-20.1,146.2667,83.35,68,53,12.3,AU,1612944697
446,limbang,4.75,115.0,86.0,70,75,8.05,MY,1612944697
447,flinders,-34.5833,150.8552,71.01,68,75,1.01,AU,1612944697
448,havelock,34.8791,-76.9013,50.0,94,6,8.99,US,1612944697
449,dera bugti,29.0307,69.151,77.86,16,0,0.65,PK,1612944698
450,nelson bay,-32.7167,152.15,75.0,56,20,10.36,AU,1612944698
451,pachino,36.7186,15.0907,59.0,72,0,5.75,IT,1612944549
452,tomas oppus,10.2506,124.9831,82.69,79,100,5.57,PH,1612944698
453,saint-joseph,-21.3667,55.6167,89.6,55,0,20.71,RE,1612944699
454,sharjah,25.3573,55.4033,80.6,34,0,4.61,AE,1612944699
455,susangerd,31.5608,48.1831,68.0,68,100,2.3,IR,1612944699
456,vikhorevka,56.1201,101.1636,14.0,41,100,11.18,RU,1612944699
457,kantabanji,20.4833,82.9167,89.2,12,34,1.79,IN,1612944700
458,mosquera,4.7059,-74.2302,53.6,94,75,4.61,CO,1612944700
459,necochea,-38.5473,-58.7368,53.01,98,21,8.61,AR,1612944701
460,gazanjyk,39.2446,55.5154,59.95,48,0,7.63,TM,1612944610
461,te anau,-45.4167,167.7167,50.04,82,99,9.19,NZ,1612944701
462,chadiza,-14.0678,32.4392,76.17,80,100,2.19,ZM,1612944701
463,turbat,26.0023,63.044,89.33,11,63,21.05,PK,1612944702
464,tarnogskiy gorodok,60.4997,43.5761,-2.15,89,51,1.57,RU,1612944702
465,sao paulo do potengi,-5.895,-35.7628,77.0,94,75,4.61,BR,1612944703
466,camocim,-2.9022,-40.8411,75.69,92,100,9.15,BR,1612944703
467,zhigansk,66.7697,123.3711,-22.7,85,0,4.41,RU,1612944703
468,lhokseumawe,5.1801,97.1507,83.59,72,64,6.2,ID,1612944430
469,praia da vitoria,38.7333,-27.0667,60.01,82,75,19.28,PT,1612944703
470,shitanjing,39.2342,106.3439,44.96,51,0,11.05,CN,1612944704
471,sharan,54.8167,54.0,4.08,91,100,5.5,RU,1612944704
472,darhan,49.4867,105.9228,22.35,94,95,5.95,MN,1612944704
473,solnechnyy,50.7214,136.6319,5.52,92,58,3.91,RU,1612944704
474,anori,-3.7728,-61.6442,73.24,97,99,1.81,BR,1612944705
475,chokwe,-24.5333,32.9833,83.3,73,36,11.3,MZ,1612944705
476,lujan,-34.5703,-59.105,64.99,98,90,1.01,AR,1612944705
477,jiuquan,39.7432,98.5174,46.58,45,100,4.74,CN,1612944706
478,batken,39.8333,71.0,36.68,80,100,0.89,KG,1612944706
479,hambantota,6.1241,81.1185,87.8,58,20,9.22,LK,1612944706
480,andilamena,-17.0167,48.5833,79.38,64,60,3.96,MG,1612944706
481,konstantinovka,49.6167,127.9833,8.49,95,65,2.68,RU,1612944707
482,dallas,32.7668,-96.7836,32.0,86,90,11.5,US,1612944707
483,bambanglipuro,-7.95,110.2833,83.14,72,100,8.01,ID,1612944707
484,abalak,58.1286,68.5944,-16.96,87,57,5.5,RU,1612944707
485,coihaique,-45.5752,-72.0662,55.4,76,0,1.5,CL,1612944708
486,am timan,11.0297,20.2827,80.64,15,0,9.6,TD,1612944708
487,umarkot,25.3616,69.7362,90.37,11,63,7.85,PK,1612944708
488,beipiao,41.7919,120.7792,42.94,54,0,0.96,CN,1612944708
489,thabazimbi,-24.5917,27.4116,79.0,65,23,1.99,ZA,1612944709
490,margate,51.3813,1.3862,32.0,59,100,7.0,GB,1612944709
491,orlik,52.5178,99.825,18.45,80,98,3.53,RU,1612944709
492,nanga eboko,4.6833,12.3667,74.66,76,100,2.53,CM,1612944709
493,westport,41.1415,-73.3579,21.2,86,1,4.61,US,1612944710
494,college,64.8569,-147.8028,-22.0,62,1,6.91,US,1612944710
495,sola,-13.8833,167.55,82.78,77,87,15.19,VU,1612944710
496,shimoda,34.6667,138.95,51.8,46,75,8.05,JP,1612944710
497,boyolangu,-8.1181,111.8935,81.21,79,96,6.78,ID,1612944711
498,ixtapa,20.7,-105.2,63.39,80,27,2.53,MX,1612944711
499,hedaru,-4.5,37.9,71.02,87,100,2.04,TZ,1612944711
500,ambovombe,-25.1667,46.0833,76.87,82,100,2.55,MG,1612944711
501,tabory,58.5198,64.5495,-9.36,82,0,3.62,RU,1612944712
502,panama city,8.9936,-79.5197,77.0,83,75,6.91,PA,1612944600
503,zaozerne,45.1582,33.2787,53.01,65,100,5.01,UA,1612944712
504,iwanai,42.9744,140.5089,25.41,93,100,13.6,JP,1612944713
505,vila,42.0304,-8.1588,41.0,95,56,1.01,PT,1612944713
506,celestun,20.8667,-90.4,74.62,81,0,10.51,MX,1612944714
507,serenje,-13.2325,30.2352,72.57,87,100,1.61,ZM,1612944714
508,dukat,62.55,155.55,5.29,93,100,6.31,RU,1612944715
509,mwinilunga,-11.7358,24.4293,66.25,92,100,6.64,ZM,1612944715
510,san andres,12.5847,-81.7006,78.8,73,20,11.5,CO,1612944606
511,yinchuan,38.4681,106.2731,51.17,41,0,2.91,CN,1612944715
512,victoria,22.2855,114.1577,63.0,90,100,1.01,HK,1612944494
513,trelew,-43.249,-65.3051,67.91,53,4,24.36,AR,1612944716
514,luebo,-5.35,21.4167,84.6,59,65,3.89,CD,1612944716
515,bonfim,3.0833,-59.95,74.44,76,72,9.42,BR,1612944716
516,gisborne,-38.6533,178.0042,65.52,90,100,3.04,NZ,1612944716
517,berlevag,70.8578,29.0864,23.0,58,40,25.32,NO,1612944717
518,walvis bay,-22.9575,14.5053,75.2,64,0,9.22,NA,1612944717
519,pirenopolis,-15.8525,-48.9592,62.6,94,40,3.44,BR,1612944717
520,battle creek,42.3212,-85.1797,3.2,78,40,1.77,US,1612944718
521,baghdad,33.3406,44.4009,68.0,52,0,6.91,IQ,1612944718
522,richards bay,-28.783,32.0377,81.46,77,39,6.38,ZA,1612944718
523,denpasar,-8.65,115.2167,84.2,74,40,12.66,ID,1612944629
524,saint-pierre,-21.3393,55.4781,89.6,55,0,20.71,RE,1612944719
525,soyo,-6.1349,12.3689,78.8,89,75,3.44,AO,1612944719
526,riyadh,24.6877,46.7219,68.0,32,0,9.22,SA,1612944426
527,talca,-35.4333,-71.6667,64.99,88,0,2.26,CL,1612944719
528,luzhou,28.8724,105.4405,68.72,35,0,3.91,CN,1612944719
529,moranbah,-22.0016,148.0466,82.31,58,90,15.28,AU,1612944720
530,gladstone,-23.85,151.25,80.6,54,75,14.97,AU,1612944628
531,moba,33.2288,105.0179,49.57,50,95,8.43,CN,1612944720
532,beringovskiy,63.05,179.3167,-13.29,88,12,10.67,RU,1612944720
533,omutninsk,58.67,52.1932,-5.37,88,94,2.01,RU,1612944721
534,sanchursk,56.9413,47.2499,5.76,94,100,7.18,RU,1612944721
535,sakaraha,-22.9,44.5333,73.08,82,100,16.62,MG,1612944721
536,tilichiki,60.4667,166.1,4.59,94,68,9.64,RU,1612944721
